country,year,expenditure_musd
Australia,2000,40919
Australia,2001,44110
Australia,2002,48368.5
Australia,2003,50894.8
Australia,2004,56206.1
Australia,2005,57956.8
Australia,2006,61309.4
Australia,2007,66640.8
Australia,2008,71187.9
Australia,2009,74076.4
Australia,2010,79158.2
Australia,2011,85095.6
Australia,2012,87619.1
Australia,2013,94544.3
Australia,2014,106966.8
Australia,2015,113262.6
Australia,2016,121859.6
Australia,2017,124867.7
Australia,2018,130460.9
Australia,2019,133790.9
Australia,2020,150181
Australia,2021,169324.9
Australia,2022,181670.3
Australia,2023,201924.2
Australia,2024,214425
Austria,2000,22792.4
Austria,2001,23328.8
Austria,2002,25401
Austria,2003,26223.4
Austria,2004,27959.5
Austria,2005,28673
Austria,2006,30173.1
Austria,2007,31531.8
Austria,2008,33515.7
Austria,2009,34234.5
Austria,2010,35704.4
Austria,2011,36633.1
Austria,2012,38816.6
Austria,2013,40552.4
Austria,2014,41712.5
Austria,2015,43065.5
Austria,2016,45864.1
Austria,2017,47339.3
Austria,2018,49310.9
Austria,2019,53422.9
Austria,2020,56133.3
Austria,2021,66853.6
Austria,2022,71611
Austria,2023,75597
Austria,2024,81231.7
Canada,2000,75198
Canada,2001,81407.1
Canada,2002,86493.1
Canada,2003,92216.1
Canada,2004,99732.2
Canada,2005,106143.6
Canada,2006,113609.6
Canada,2007,122059.1
Canada,2008,128001.6
Canada,2009,132730
Canada,2010,141358.4
Canada,2011,145299.5
Canada,2012,150699
Canada,2013,155540.5
Canada,2014,160935.2
Canada,2015,165692.7
Canada,2016,182334.7
Canada,2017,189489
Canada,2018,197731.7
Canada,2019,202950
Canada,2020,235621.1
Canada,2021,263739.6
Canada,2022,269161.7
Canada,2023,288678.4
Canada,2024,304196.2
Finland,2000,9716.8
Finland,2001,10285.7
Finland,2002,11447.6
Finland,2003,11866
Finland,2004,12955
Finland,2005,13500.8
Finland,2006,14489.6
Finland,2007,15893.5
Finland,2008,17235.5
Finland,2009,17536.7
Finland,2010,18370.3
Finland,2011,19388.6
Finland,2012,20498.3
Finland,2013,21392.8
Finland,2014,21604.4
Finland,2015,21877
Finland,2016,22550.3
Finland,2017,23218.8
Finland,2018,23884.7
Finland,2019,25729.4
Finland,2020,27463.9
Finland,2021,29892.3
Finland,2022,32414.4
Finland,2023,36647
Finland,2024,38138.2
France,2000,163331.6
France,2001,176001.6
France,2002,194303.1
France,2003,189655.1
France,2004,198224.6
France,2005,205672.3
France,2006,218431.5
France,2007,229041
France,2008,239345
France,2009,250580.8
France,2010,257380.3
France,2011,266418.3
France,2012,276493.8
France,2013,295334.2
France,2014,302263.1
France,2015,306602.5
France,2016,324497.5
France,2017,330865.3
France,2018,338185.8
France,2019,366135.8
France,2020,390090.2
France,2021,427863.1
France,2022,461574.8
France,2023,491228.6
France,2024,511237.3
Germany,2000,235103.7
Germany,2001,244464.1
Germany,2002,263271.5
Germany,2003,270249.2
Germany,2004,275175
Germany,2005,277914.7
Germany,2006,288111.2
Germany,2007,302341.5
Germany,2008,317896.2
Germany,2009,333586.9
Germany,2010,353388.3
Germany,2011,365042
Germany,2012,379996.7
Germany,2013,397822.6
Germany,2014,415623.5
Germany,2015,430829.7
Germany,2016,464908.2
Germany,2017,490992.2
Germany,2018,517920.6
Germany,2019,563817.6
Germany,2020,612305.3
Germany,2021,674173.5
Germany,2022,731333.8
Germany,2023,743538.8
Germany,2024,800451.7
Greece,2000,15330.1
Greece,2001,18478.7
Greece,2002,21271.2
Greece,2003,22379.4
Greece,2004,23007.3
Greece,2005,24101.7
Greece,2006,25368.9
Greece,2007,26799.9
Greece,2008,29527.6
Greece,2009,30414.3
Greece,2010,28970.5
Greece,2011,25425.7
Greece,2012,23697.5
Greece,2013,22893.8
Greece,2014,21905.7
Greece,2015,22972
Greece,2016,24334.9
Greece,2017,24207.1
Greece,2018,24843.4
Greece,2019,26615.9
Greece,2020,28390.2
Greece,2021,30963.5
Greece,2022,33804.1
Greece,2023,37693.1
Greece,2024,39330.2
Hungary,2000,9262
Hungary,2001,10148.8
Hungary,2002,11857.5
Hungary,2003,13820.2
Hungary,2004,13958.4
Hungary,2005,14762.7
Hungary,2006,15215.3
Hungary,2007,14381.4
Hungary,2008,14982.9
Hungary,2009,14974.6
Hungary,2010,16651.5
Hungary,2011,17505.6
Hungary,2012,17524.7
Hungary,2013,18021
Hungary,2014,18388.7
Hungary,2015,18615.6
Hungary,2016,19624.9
Hungary,2017,19562.4
Hungary,2018,20596.1
Hungary,2019,21769.7
Hungary,2020,25292.1
Hungary,2021,28409.1
Hungary,2022,28980.3
Hungary,2023,30329.9
Hungary,2024,31942.4
Italy,2000,115645.2
Italy,2001,122612.7
Italy,2002,130820
Italy,2003,131160.1
Italy,2004,141344.5
Italy,2005,145161.3
Italy,2006,154736.6
Italy,2007,157540.9
Italy,2008,172506.7
Italy,2009,173764.8
Italy,2010,183907.6
Italy,2011,183972.7
Italy,2012,184154.3
Italy,2013,184555.6
Italy,2014,185384.5
Italy,2015,188257.9
Italy,2016,199445.7
Italy,2017,205611.2
Italy,2018,211319.9
Italy,2019,226852.7
Italy,2020,239375.2
Italy,2021,260703.1
Italy,2022,287104.1
Italy,2023,301651.2
Italy,2024,314680.1
Japan,2000,234531.2
Japan,2001,247650.5
Japan,2002,263170.2
Japan,2003,280048.7
Japan,2004,294152.1
Japan,2005,315738.5
Japan,2006,327579.7
Japan,2007,344401.7
Japan,2008,358532.4
Japan,2009,380429.8
Japan,2010,405841.9
Japan,2011,478196.6
Japan,2012,506640.5
Japan,2013,548931.1
Japan,2014,550728.7
Japan,2015,573903.4
Japan,2016,545285.2
Japan,2017,559135.7
Japan,2018,575857.1
Japan,2019,589693.5
Japan,2020,612882.2
Japan,2021,685875
Japan,2022,734465.9
Japan,2023,741579.5
Japan,2024,728468.2
Mexico,2000,50907
Mexico,2001,57172.6
Mexico,2002,60946.1
Mexico,2003,62103.9
Mexico,2004,68247.3
Mexico,2005,70758.1
Mexico,2006,79612.8
Mexico,2007,84760.2
Mexico,2008,91288
Mexico,2009,92457.1
Mexico,2010,97683.5
Mexico,2011,103984.8
Mexico,2012,113385.3
Mexico,2013,118341.4
Mexico,2014,118032
Mexico,2015,126765.4
Mexico,2016,133592.3
Mexico,2017,133172.2
Mexico,2018,137237.8
Mexico,2019,140178.2
Mexico,2020,151818.2
Mexico,2021,161600.4
Mexico,2022,178915.4
Mexico,2023,199325.8
Mexico,2024,218706.5
Netherlands,2000,42170.3
Netherlands,2001,46270.1
Netherlands,2002,53242.5
Netherlands,2003,53666.9
Netherlands,2004,56882.9
Netherlands,2005,58481.2
Netherlands,2006,62572.9
Netherlands,2007,66791.5
Netherlands,2008,72004.8
Netherlands,2009,73362.1
Netherlands,2010,74298.8
Netherlands,2011,76243.6
Netherlands,2012,80127.8
Netherlands,2013,82743.5
Netherlands,2014,83221.5
Netherlands,2015,83464.8
Netherlands,2016,86783.7
Netherlands,2017,90004
Netherlands,2018,94468.4
Netherlands,2019,102480.2
Netherlands,2020,113647.8
Netherlands,2021,128563.3
Netherlands,2022,136758.8
Netherlands,2023,145722.9
Netherlands,2024,156464.6
New Zealand,2000,6401.9
New Zealand,2001,6987.2
New Zealand,2002,7584.9
New Zealand,2003,7724.9
New Zealand,2004,8492.4
New Zealand,2005,9071.6
New Zealand,2006,10201
New Zealand,2007,10723.6
New Zealand,2008,11456.2
New Zealand,2009,12066.5
New Zealand,2010,12576.1
New Zealand,2011,13152.4
New Zealand,2012,13645.1
New Zealand,2013,14382.2
New Zealand,2014,15061.2
New Zealand,2015,15464.8
New Zealand,2016,16714.5
New Zealand,2017,17786.1
New Zealand,2018,18191
New Zealand,2019,19899.9
New Zealand,2020,22078.5
New Zealand,2021,24758.7
New Zealand,2022,31296.2
New Zealand,2023,31506.9
New Zealand,2024,32094.6
Norway,2000,12549.2
Norway,2001,13265.2
Norway,2002,15380.8
Norway,2003,15733.4
Norway,2004,16781
Norway,2005,17295.1
Norway,2006,18477.4
Norway,2007,20306.4
Norway,2008,21955.2
Norway,2009,22600.1
Norway,2010,23341.8
Norway,2011,24593
Norway,2012,26144.6
Norway,2013,27866.2
Norway,2014,29320.1
Norway,2015,29714.5
Norway,2016,30905.8
Norway,2017,32898.6
Norway,2018,34501.3
Norway,2019,36941.6
Norway,2020,38844.5
Norway,2021,42670.3
Norway,2022,47159.6
Norway,2023,50025.9
Norway,2024,51507.1
Spain,2000,61840.4
Spain,2001,66825.3
Spain,2002,74721.8
Spain,2003,85347.5
Spain,2004,91473.1
Spain,2005,97237.8
Spain,2006,106936.6
Spain,2007,113216
Spain,2008,123793.8
Spain,2009,128395.3
Spain,2010,128666.3
Spain,2011,129077.4
Spain,2012,129112
Spain,2013,130537
Spain,2014,134618.7
Spain,2015,142243.6
Spain,2016,148574.1
Spain,2017,156930.7
Spain,2018,162847.2
Spain,2019,180091.6
Spain,2020,189259.1
Spain,2021,209003.3
Spain,2022,231333
Spain,2023,253878.5
Spain,2024,261433.8
Sweden,2000,19487.8
Sweden,2001,21337.6
Sweden,2002,23516.1
Sweden,2003,23941.4
Sweden,2004,24934.6
Sweden,2005,25373.4
Sweden,2006,27250.2
Sweden,2007,29411.4
Sweden,2008,31365.3
Sweden,2009,31983.9
Sweden,2010,31975.1
Sweden,2011,42221.2
Sweden,2012,44735.3
Sweden,2013,45560
Sweden,2014,47364.6
Sweden,2015,49276.1
Sweden,2016,51218.3
Sweden,2017,52791.1
Sweden,2018,55469.4
Sweden,2019,59522.9
Sweden,2020,62824.4
Sweden,2021,68906
Sweden,2022,74006.2
Sweden,2023,80657.4
Sweden,2024,83560.9
Switzerland,2000,23902.5
Switzerland,2001,25704.2
Switzerland,2002,28316.3
Switzerland,2003,28730.9
Switzerland,2004,30354.8
Switzerland,2005,30537.2
Switzerland,2006,31676.8
Switzerland,2007,34716.3
Switzerland,2008,37512.3
Switzerland,2009,39180.2
Switzerland,2010,39719.3
Switzerland,2011,41610.6
Switzerland,2012,44511.1
Switzerland,2013,48083.1
Switzerland,2014,50167.5
Switzerland,2015,52818.6
Switzerland,2016,55887.7
Switzerland,2017,56739.9
Switzerland,2018,58223.3
Switzerland,2019,63083.6
Switzerland,2020,65832.3
Switzerland,2021,73045.9
Switzerland,2022,79778.1
Switzerland,2023,82182.9
Switzerland,2024,89405.9
United Kingdom,2000,112432.9
United Kingdom,2001,125011.9
United Kingdom,2002,140710.9
United Kingdom,2003,148351.9
United Kingdom,2004,165260.7
United Kingdom,2005,166708.4
United Kingdom,2006,179073.4
United Kingdom,2007,189822.6
United Kingdom,2008,199406.3
United Kingdom,2009,203872
United Kingdom,2010,213818.3
United Kingdom,2011,218735.6
United Kingdom,2012,231288.7
United Kingdom,2013,236717
United Kingdom,2014,244719.9
United Kingdom,2015,250443.7
United Kingdom,2016,262227.8
United Kingdom,2017,270574
United Kingdom,2018,279935.1
United Kingdom,2019,304675
United Kingdom,2020,360963.8
United Kingdom,2021,390058.3
United Kingdom,2022,424364.8
United Kingdom,2023,456689.3
United Kingdom,2024,485544
United States,2000,1279530.7
United States,2001,1392503.9
United States,2002,1529080.2
United States,2003,1661467.4
United States,2004,1777232.4
United States,2005,1900730.4
United States,2006,2030807.1
United States,2007,2157948.1
United States,2008,2244676.1
United States,2009,2344302.4
United States,2010,2436606.3
United States,2011,2517627.5
United States,2012,2621120.3
United States,2013,2696016.2
United States,2014,2850421.9
United States,2015,3012332.8
United States,2016,3155054.8
United States,2017,3280928.1
United States,2018,3444983.5
United States,2019,3606803.7
United States,2020,4004400.3
United States,2021,4159137.3
United States,2022,4362642.6
United States,2023,4691875.1
United States,2024,5039923.6
