country,year,population
Australia,2000,19028802
Australia,2001,19274701
Australia,2002,19495210
Australia,2003,19720737
Australia,2004,19932722
Australia,2005,20176844
Australia,2006,20450966
Australia,2007,20827622
Australia,2008,21249199
Australia,2009,21691653
Australia,2010,22031750
Australia,2011,22340024
Australia,2012,22733465
Australia,2013,23128129
Australia,2014,23475686
Australia,2015,23815995
Australia,2016,24190907
Australia,2017,24592588
Australia,2018,24963258
Australia,2019,25334826
Australia,2020,25649248
Australia,2021,25685412
Australia,2022,26018721
Australia,2023,26659922
Australia,2024,27194286
Australia,2025,27614411
Austria,2000,8011566
Austria,2001,8042293
Austria,2002,8080292
Austria,2003,8114402
Austria,2004,8166432
Austria,2005,8222090
Austria,2006,8265675
Austria,2007,8293654
Austria,2008,8319388
Austria,2009,8338752
Austria,2010,8357367
Austria,2011,8384901
Austria,2012,8420328
Austria,2013,8472176
Austria,2014,8538350
Austria,2015,8618709
Austria,2016,8737663
Austria,2017,8790624
Austria,2018,8833192
Austria,2019,8872344
Austria,2020,8912293
Austria,2021,8945279
Austria,2022,9058407
Austria,2023,9125730
Austria,2024,9174908
Austria,2025,9208161
Canada,2000,30685730
Canada,2001,31020855
Canada,2002,31359199
Canada,2003,31642461
Canada,2004,31938807
Canada,2005,32242732
Canada,2006,32571193
Canada,2007,32888886
Canada,2008,33247298
Canada,2009,33630069
Canada,2010,34005902
Canada,2011,34339221
Canada,2012,34713395
Canada,2013,35080992
Canada,2014,35434066
Canada,2015,35704498
Canada,2016,36110803
Canada,2017,36545075
Canada,2018,37072620
Canada,2019,37618495
Canada,2020,38028638
Canada,2021,38239864
Canada,2022,38950132
Canada,2023,40049088
Canada,2024,41262329
Canada,2025,41651653
Finland,2000,5176203
Finland,2001,5188005
Finland,2002,5200598
Finland,2003,5213010
Finland,2004,5228173
Finland,2005,5246100
Finland,2006,5266266
Finland,2007,5288719
Finland,2008,5313398
Finland,2009,5338867
Finland,2010,5363341
Finland,2011,5388272
Finland,2012,5413967
Finland,2013,5438975
Finland,2014,5461507
Finland,2015,5479528
Finland,2016,5495297
Finland,2017,5508209
Finland,2018,5515525
Finland,2019,5521605
Finland,2020,5529545
Finland,2021,5541020
Finland,2022,5556108
Finland,2023,5583901
Finland,2024,5619914
Finland,2025,5644421
France,2000,60724780
France,2001,61163237
France,2002,61604550
France,2003,62037544
France,2004,62490800
France,2005,62958328
France,2006,63393406
France,2007,63781275
France,2008,64133174
France,2009,64458715
France,2010,64773169
France,2011,65087317
France,2012,65402998
France,2013,65735961
France,2014,66276671
France,2015,66512558
France,2016,66688563
France,2017,66883314
France,2018,67125071
France,2019,67349922
France,2020,67569466
France,2021,67878650
France,2022,68232524
France,2023,68521609
France,2024,68745188
France,2025,68966992
Germany,2000,82162364
Germany,2001,82349922
Germany,2002,82488493
Germany,2003,82534175
Germany,2004,82516266
Germany,2005,82469421
Germany,2006,82376451
Germany,2007,82266371
Germany,2008,82110098
Germany,2009,81902311
Germany,2010,81776936
Germany,2011,80274981
Germany,2012,80425826
Germany,2013,80645605
Germany,2014,80982495
Germany,2015,81686608
Germany,2016,82348669
Germany,2017,82657000
Germany,2018,82905788
Germany,2019,83092956
Germany,2020,83160877
Germany,2021,83196076
Germany,2022,83797987
Germany,2023,83287281
Germany,2024,83516599
Germany,2025,83522129
Greece,2000,10805806
Greece,2001,10862129
Greece,2002,10902022
Greece,2003,10928072
Greece,2004,10955142
Greece,2005,10987316
Greece,2006,11020366
Greece,2007,11048466
Greece,2008,11077839
Greece,2009,11107017
Greece,2010,11121344
Greece,2011,11104900
Greece,2012,11045010
Greece,2013,10965209
Greece,2014,10892415
Greece,2015,10820883
Greece,2016,10775966
Greece,2017,10754679
Greece,2018,10732877
Greece,2019,10721584
Greece,2020,10698597
Greece,2021,10570133
Greece,2022,10437804
Greece,2023,10394869
Greece,2024,10374048
Greece,2025,10369123
Hungary,2000,10210965
Hungary,2001,10187578
Hungary,2002,10158610
Hungary,2003,10129554
Hungary,2004,10107140
Hungary,2005,10087064
Hungary,2006,10071374
Hungary,2007,10055778
Hungary,2008,10038186
Hungary,2009,10022647
Hungary,2010,10000020
Hungary,2011,9958824
Hungary,2012,9913588
Hungary,2013,9872737
Hungary,2014,9833034
Hungary,2015,9797756
Hungary,2016,9759760
Hungary,2017,9726755
Hungary,2018,9706961
Hungary,2019,9694826
Hungary,2020,9670416
Hungary,2021,9630930
Hungary,2022,9605078
Hungary,2023,9592192
Hungary,2024,9562069
Hungary,2025,9513959
Italy,2000,56942108
Italy,2001,56976976
Italy,2002,57089823
Italy,2003,57399187
Italy,2004,57828178
Italy,2005,58166684
Italy,2006,58399863
Italy,2007,58756247
Italy,2008,59211183
Italy,2009,59555456
Italy,2010,59819402
Italy,2011,60026844
Italy,2012,60191243
Italy,2013,60311616
Italy,2014,60320708
Italy,2015,60229599
Italy,2016,60115220
Italy,2017,60002254
Italy,2018,59877216
Italy,2019,59729077
Italy,2020,59438845
Italy,2021,59133173
Italy,2022,59013671
Italy,2023,58984217
Italy,2024,58957352
Italy,2025,58943152
Japan,2000,126925843
Japan,2001,127291000
Japan,2002,127435000
Japan,2003,127619000
Japan,2004,127687000
Japan,2005,127767994
Japan,2006,127900515
Japan,2007,128032743
Japan,2008,128083960
Japan,2009,128031514
Japan,2010,128057352
Japan,2011,127834233
Japan,2012,127592657
Japan,2013,127413888
Japan,2014,127237150
Japan,2015,127094745
Japan,2016,127041812
Japan,2017,126918546
Japan,2018,126748506
Japan,2019,126555078
Japan,2020,126146099
Japan,2021,125502290
Japan,2022,124946789
Japan,2023,124351877
Japan,2024,123801750
Japan,2025,123219000
Mexico,2000,99368858
Mexico,2001,100739263
Mexico,2002,102167274
Mexico,2003,103587899
Mexico,2004,104970581
Mexico,2005,106370948
Mexico,2006,107885646
Mexico,2007,109538665
Mexico,2008,111275915
Mexico,2009,113030218
Mexico,2010,114756059
Mexico,2011,116446180
Mexico,2012,118060514
Mexico,2013,119597654
Mexico,2014,121048604
Mexico,2015,122368490
Mexico,2016,123587407
Mexico,2017,124777172
Mexico,2018,125995825
Mexico,2019,127215666
Mexico,2020,128209170
Mexico,2021,128982939
Mexico,2022,129960600
Mexico,2023,131135337
Mexico,2024,132274416
Mexico,2025,133367428
Netherlands,2000,15925505
Netherlands,2001,16046182
Netherlands,2002,16148921
Netherlands,2003,16225303
Netherlands,2004,16281777
Netherlands,2005,16319871
Netherlands,2006,16346096
Netherlands,2007,16381696
Netherlands,2008,16445590
Netherlands,2009,16530387
Netherlands,2010,16615390
Netherlands,2011,16693074
Netherlands,2012,16754963
Netherlands,2013,16804430
Netherlands,2014,16865008
Netherlands,2015,16939925
Netherlands,2016,17030314
Netherlands,2017,17131295
Netherlands,2018,17231622
Netherlands,2019,17344876
Netherlands,2020,17441500
Netherlands,2021,17533048
Netherlands,2022,17700981
Netherlands,2023,17877121
Netherlands,2024,17993486
Netherlands,2025,18087634
New Zealand,2000,3857700
New Zealand,2001,3880500
New Zealand,2002,3948500
New Zealand,2003,4027200
New Zealand,2004,4087500
New Zealand,2005,4133900
New Zealand,2006,4184600
New Zealand,2007,4223800
New Zealand,2008,4259800
New Zealand,2009,4302600
New Zealand,2010,4350700
New Zealand,2011,4384000
New Zealand,2012,4408100
New Zealand,2013,4442100
New Zealand,2014,4516500
New Zealand,2015,4609400
New Zealand,2016,4714100
New Zealand,2017,4813600
New Zealand,2018,4900600
New Zealand,2019,4970300
New Zealand,2020,5072400
New Zealand,2021,5084600
New Zealand,2022,5081700
New Zealand,2023,5200000
New Zealand,2024,5289900
New Zealand,2025,5320600
Norway,2000,4490973
Norway,2001,4513747
Norway,2002,4538157
Norway,2003,4564856
Norway,2004,4591909
Norway,2005,4623293
Norway,2006,4660673
Norway,2007,4709156
Norway,2008,4768215
Norway,2009,4828716
Norway,2010,4889253
Norway,2011,4953089
Norway,2012,5018574
Norway,2013,5080171
Norway,2014,5137427
Norway,2015,5189898
Norway,2016,5236152
Norway,2017,5276965
Norway,2018,5311916
Norway,2019,5347893
Norway,2020,5379472
Norway,2021,5408320
Norway,2022,5457129
Norway,2023,5519596
Norway,2024,5572273
Norway,2025,5610871
Spain,2000,40554387
Spain,2001,40766049
Spain,2002,41423520
Spain,2003,42196231
Spain,2004,42859172
Spain,2005,43662613
Spain,2006,44360521
Spain,2007,45236004
Spain,2008,45983169
Spain,2009,46367550
Spain,2010,46562483
Spain,2011,46736257
Spain,2012,46749303
Spain,2013,46581124
Spain,2014,46433050
Spain,2015,46384379
Spain,2016,46427100
Spain,2017,46510461
Spain,2018,46715383
Spain,2019,47087778
Spain,2020,47344852
Spain,2021,47346836
Spain,2022,47781354
Spain,2023,48320520
Spain,2024,48821936
Spain,2025,49355143
Sweden,2000,8869255
Sweden,2001,8894674
Sweden,2002,8924529
Sweden,2003,8956664
Sweden,2004,8992217
Sweden,2005,9024186
Sweden,2006,9082995
Sweden,2007,9142817
Sweden,2008,9215021
Sweden,2009,9292359
Sweden,2010,9373379
Sweden,2011,9446812
Sweden,2012,9514406
Sweden,2013,9596436
Sweden,2014,9694194
Sweden,2015,9793172
Sweden,2016,9906331
Sweden,2017,10053061
Sweden,2018,10171524
Sweden,2019,10281189
Sweden,2020,10352390
Sweden,2021,10409248
Sweden,2022,10487859
Sweden,2023,10545310
Sweden,2024,10553341
Sweden,2025,10592692
Switzerland,2000,7184250
Switzerland,2001,7226647
Switzerland,2002,7284754
Switzerland,2003,7339002
Switzerland,2004,7389626
Switzerland,2005,7437116
Switzerland,2006,7483935
Switzerland,2007,7551117
Switzerland,2008,7647676
Switzerland,2009,7743832
Switzerland,2010,7824910
Switzerland,2011,7912396
Switzerland,2012,7996861
Switzerland,2013,8089346
Switzerland,2014,8188646
Switzerland,2015,8282398
Switzerland,2016,8373334
Switzerland,2017,8451834
Switzerland,2018,8514327
Switzerland,2019,8575280
Switzerland,2020,8638169
Switzerland,2021,8704542
Switzerland,2022,8777085
Switzerland,2023,8888818
Switzerland,2024,9006644
Switzerland,2025,9087658
United Kingdom,2000,58886065
United Kingdom,2001,59113016
United Kingdom,2002,59365677
United Kingdom,2003,59636662
United Kingdom,2004,59950364
United Kingdom,2005,60413276
United Kingdom,2006,60826967
United Kingdom,2007,61319075
United Kingdom,2008,61823772
United Kingdom,2009,62260486
United Kingdom,2010,62759456
United Kingdom,2011,63285145
United Kingdom,2012,63710543
United Kingdom,2013,64138221
United Kingdom,2014,64618693
United Kingdom,2015,65086958
United Kingdom,2016,65605841
United Kingdom,2017,65964292
United Kingdom,2018,66286727
United Kingdom,2019,66627507
United Kingdom,2020,66739867
United Kingdom,2021,66977988
United Kingdom,2022,67636134
United Kingdom,2023,68526183
United Kingdom,2024,69281437
United Kingdom,2025,69502341
United States,2000,282162411
United States,2001,284968955
United States,2002,287625193
United States,2003,290107933
United States,2004,292805298
United States,2005,295516599
United States,2006,298379912
United States,2007,301231207
United States,2008,304093966
United States,2009,306771529
United States,2010,309378227
United States,2011,311839461
United States,2012,314339099
United States,2013,316726282
United States,2014,319257560
United States,2015,321815121
United States,2016,324353340
United States,2017,326608609
United States,2018,328529577
United States,2019,330226227
United States,2020,331578104
United States,2021,332100166
United States,2022,333996304
United States,2023,336755052
United States,2024,340003797
United States,2025,341784857
